nama_penulis,rating,teks_ulasan,waktu,likes,sentimen_label_gemini
MUHAMMAD HIBZAH DASA OKKA,5.0,"Mantap, laptop mereka second hand tapi baramg seperti baru.
Karena mereka memang ambil laptop yang umurnya masih muda, saya beli laptop amd ryzen 7 tahun 2024, di harga 6,7 juta.
Pelayanan excelent, barang juga excelent.
Semoga awet",a month ago,0,Positif
Wafa Wardana,5.0,Terbaik. Pilihan utama laptop secondhand berkualitas. Dijelaskan oleh mas nya dgn sabar dan jujur. Offline store nyaman dan sejuk. Top markotop,4 months ago,0,Positif
Azka Rusyda Farsya Kusmayadi,5.0,"Beli laptop disini udah yang ke 2x nya udah beli 3 unit total, bagus banget tokonya, masnya juga informatif. Good Job!!",2 months ago,0,Positif
neviestaa,5.0,"Pengalaman belanja di Hero bener-bener memuaskan. Dari awal tanya-tanya, adminnya sabar jelasin detail laptop sampai akhirnya aku nemu yang paling pas sama kebutuhan kuliah. Prosesnya cepat, barang datang sesuai deskripsi, kondisi mulus dan ori. Harganya juga lebih bersahabat dibanding toko lain yang aku bandingin sebelumnya. Next kalau upgrade laptop, pasti balik lagi ke Hero",a month ago,0,Positif
Surya Ramadhani,5.0,"Barang-barang yang di jual bagusÂ² dan masih pada mulusÂ², tempet nya nyaman dan penjual nya pada ramahÂ² dan sangat komunikatif",2 months ago,0,Positif
Muhammad Alfian Nurkholis,5.0,"Jual beli laptop second hand bagus.. Offline storenya nyaman, ber-AC. Pelayanannya pun bagus. Alhamdulillah dapat good deal juga ğŸ‘",2 months ago,0,Positif
Akmal Soffal,5.0,"Mantap pelayanan ramah, tempat bersih nyaman, unit banyak pilihan sesuai harga dan kebutuhan",2 months ago,0,Positif
Indira Surya,4.0,"Pelayanan oke
Barang ori masih garansi resmi
Sukses selalu",a month ago,0,Positif
Rosa Ochaa,4.0,"Konsultasi cari laptop untuk pekerjaan utama, akhirnya disini menemukan laptop second yg cocok, bagus, dan terpercaya.. untuk menentukan pilihan laptop dibantu oleh staf yg sangat komunikatif dan solutif..  di toko ini rekomendasi utama untuk cari laptop terumama bagi pekerja, mahasiswa, pebisnis, dll.. terima kasih hero computer ğŸ™ğŸ˜Š",5 months ago,0,Positif
Fan Bs.,4.0,"Semua tersedia disini, pelayanannya juga bagus. Di kasih tau apa yang aku ngga tau. Dan harga juga termasuk harga yg bersahabat bgt.",a month ago,0,Positif
Aisya Hanum,4.0,sangat bagus. pelayanan sangat ramah sangat dibantu. tempatnya nyaman dingin. masnya sabar luar biasa. sangat ingormatifğŸ¤™ğŸ»ğŸ’ªğŸ»,a month ago,0,Positif
Irma Novitasari,4.0,"Barang bagus dan kayak baru semua, setelah muter2 akirnya beli disini..mas Rudi seller baik, ramah dan sabar bgt ..good dech pokoknya",4 months ago,0,Netral (Error API)
ida roikhanah,4.0,pertama kali beli laptop second di sini. dapet yang sesuai sama kebutuhan. mas nya yg jaga jelasinnya sabar banget,3 weeks ago,0,Netral (Error API)
Furqon Ahmad Fauzi,5.0,"Alhamdulillah dapet laptop spek bagus dan sesuai kebutuhan, karena disana di paparkan sesuai request pelanggan, jadi enak, bonus juga mouse, tas laptop, kena diskon juga sii,hehe...makasih Hero Computer, semoga laptopnya awet ya.aamiin",5 months ago,0,Netral (Error API)
Sad Polaris,5.0,"Barusan beli latop disini, dan jujur puas banget! Dari awal tanya-tanya, adminnya fast respon dan sabar jelasin. Pilihan laptop banyak, harganya juga oke banget dibanding tempat lain. Proses kirim cepet, laptop langsung nyala tanpa masalah. Pokoknya recommended banget buat yang mau cari laptop tanpa ribet!",5 months ago,0,Netral (Error API)
Alfiyan Fadly,5.0,"Pelayanan ramah, barangnya masih bagus bagus, akses sangat mudah... Saya udah muter2 cari lp bakas tapi yang cukup lengkap cuma di sini",5 months ago,0,Netral (Error API)
Budianto Haris,5.0,"Pelayanan ramah, harga naiss, rekomended sekali untuk nyari laptop second berkualitas dan yg jelas harga menarik",4 months ago,0,Netral (Error API)
fikhri ardiansyah,5.0,"Tempat nyaman, stafnya sabar jelasin spesifikasi laptop, cocok buat yang kurang paham teknologi",a month ago,0,Netral (Error API)
Agung Febri,5.0,"Hero computer emang recomend buat kantongÂ² menengah pelayananya ramah,juooossss pokoke",a week ago,0,Netral (Error API)
Joshua Mayong,5.0,"Tempat terbaik untuk beli laptop second. Pilihannya banyak, tempatnya nyaman, dingin dan sangat bersih, laptop juga dalam kondisi yang baik semua. Karyawan yang menjaga sangat informatif dan membantu mencarikan sesuai kebutuhan dan sesuai dengan dana yang dimiliki. 10/10 ğŸ‘ŒğŸ»",3 months ago,0,Netral (Error API)
h,5.0,"laptop di sini masi baguss semua kualitas juga oke bgtt, recommend buat yang butuh laptop second like new & harganya yang pasti worth it",2 months ago,0,Netral (Error API)
Monicha Herwinda,5.0,"pelayanan sudah sangat baik, untuk laptop sangat bervariasi dan terlihat seperti baruğŸ‘ğŸ»",a week ago,0,Netral (Error API)
Danilo,5.0,"Pelayanan bagus, ramah, tempatnya nyaman, terbaik. monggo kesini",a month ago,0,Netral (Error API)
Realisca Agastha,5.0,"tokonya lengkap, harganya affordable, pelayanan ramah, the best laah pokonya",2 weeks ago,0,Netral (Error API)
Danang Prasetya,5.0,"Pelayanan bagus,sat set semua dijelasin sampai detail. Bakal langganan disini.",2 months ago,0,Netral (Error API)
Putri Anggitasari Husna,5.0,Salah satu rekomendasi tempat untuk beli laptop second di Jogja. Staffnya ramah dan informatif. Pilihan laptop juga banyak dan keluaran terbaru.,5 months ago,0,Netral (Error API)
Ahmad Rodhi,5.0,"Pelayanannnya ramah, laptop dengan harga yang sangat terjangkau, dan tempat nyaman juga. Pokoke muantab poolllğŸ‘ŒğŸ‘Œ",2 months ago,0,Netral (Error API)
Rahmawati Ratnadila,5.0,"Pelayanannnya ramah, staffnya sangat detail menjelaskan semua produknya. Rekomend untuk teman teman yg mau cari laptop kerja atau kuliah. Staffnya akan menjelaskan detail semua laptop yg kita butuhkan",5 months ago,0,Netral (Error API)
Adhie Azzuri,4.0,"Pelayanan nya oke..mas e yg jaga mas e yg punya toko ramah...

Ac e adem tenan mas...",2 months ago,0,Netral (Error API)
Ahmad Nur Aly,5.0,"Toko laptop gaming second recommend di Jogja, unit baru2. Masnya ngasih penjelasan lengkap.
jangan ragu beli di sini.",a month ago,0,Netral (Error API)
Hasna Ningrum,5.0,"Beli laptop disini terbaik, pelayanannya sangat ramah masnya menjelaskan dengan sangat sabar tempatnya juga nyaman. ğŸŒŸğŸŒŸğŸŒŸ",a month ago,0,Netral (Error API)
nadia,5.0,"Tempatnya mudah ditemukan. Selain itu, banyak pilihannya dan pelayanannya top karena setiap pertanyaan selalu dijawab dengan jelas dan komplit. Thank you hero computer ğŸ¤˜ğŸ»ğŸ¥°",3 months ago,0,Netral (Error API)
Aprilia Safa nurmaulinda,5.0,Penjaga toko nya ramah dan menjelaskan spesifikasi sesuai kebutuhan pembeli dengan jelas,a week ago,0,Netral (Error API)
Rendy Ady,5.0,"Laptopnya bagus,harga bersahabat,,
Recommended banget pokoknya,,",3 weeks ago,0,Netral (Error API)
Rahva Triliana Agista,5.0,tempatnya nyamann!!! kualitas laptop yang dijual juga oke banget!!! ga nyesel beli disini!!!,a month ago,0,Netral (Error API)
Aufa Rift,5.0,"pelayanan baik, harga terjangkau, kualitas ga diragukan, mantep pol rek",2 months ago,0,Netral (Error API)
Usamah Assholihin,5.0,"Sangat recomended buat jual/beli laptop, khususnya area sleman dan sekitarnya. Pelayanannya baik dan ramah.",4 months ago,0,Netral (Error API)
Coen Xenon,5.0,"""Pelayanan di sini sangat bagus dan interaktif! Stafnya ramah, sabar menjelaskan, dan membantu memilih laptop yang sesuai kebutuhan. Proses pembelian juga cepat dan nyaman. Sangat direkomendasikan!""",7 months ago,0,Netral (Error API)
Fahmita Elma,5.0,"Sangat bagus,pelayanannya ramah dan laptopnya masih oke oke. Recommended buat orang jogja yg mau cari laptop.",3 months ago,0,Netral (Error API)
Muhammad Hafiz,5.0,"Pelayanannya sangat oke dan benar-benar ramah, mereka juga sangat memberikan support apa yang kita butuhkan, saya merasakan hubungan bukan dengan pembeli dan penjual melainkan serasa saudara, karena mereka memang sangat ramah.",6 months ago,0,Netral (Error API)
Muhammad Afkaar Riqqat,5.0,pelayanan sangat ramah dan stok laptop sangat melimpah cocok untuk maba yang sedang mencari laptop,a month ago,0,Netral (Error API)
Patria Agiska Diyose,5.0,"Barang bagus, rekomended untuk yg cari laptop second, tempat nyaman, pelayanan ramah",2 months ago,0,Netral (Error API)
Riski ananda p,5.0,"Pilihan laptop secondhand berkualitas,bagus.  Offline store nyaman dan sejuk. Top markotopğŸ‘ğŸ‘ğŸ‘ pokonya mantap",4 months ago,0,Netral (Error API)
Azis Turindra,5.0,"Alhamdulillah pelayanannya memuaskan, bisa konsultasi dan bisa disesuaikan sesuai budjet, dan yang pasti laptopnya keluaran tahun muda",6 months ago,0,Netral (Error API)
Ahmad Ali M,5.0,Toko laptop murah. Lengkap bergaransi. Pokoknya laptop mulus banget pelayanan mantap,2 months ago,0,Netral (Error API)
Yusuf Muhammad,5.0,Recomend bgt buat cari laptop spek bagus dan murah,a month ago,0,Netral (Error API)
imankend,5.0,"Service memuaskan, Terima jual beli laptop dengan harga yang cocokğŸ‘ğŸ¼. thanks hero laptopğŸ’¯",5 months ago,0,Netral (Error API)
Ermina Pradipta,5.0,"Rekomendasi tempat beli laptop di jogja ni, barangnya oke oke, yang jual ramah jugağŸ‘ğŸ‘",a month ago,0,Positif
Bintang Akb,5.0,"beli disini memuaskan, cs nya enak bisa konsultasi online maupun offline",2 months ago,0,Positif
Dzaki Muh,5.0,Toko bersih rapih dan layanan nya ramah,a month ago,0,Positif
